time,temperature_2m,relative_humidity_2m,precipitation,wind_speed_10m,hour,day,month,day_of_week,temperature_change,humidity_change,wind_speed_change
2026-10-01 01:00:00,26.3,64,0.0,3.3,1,1,10,3,-0.5999999999999979,4.0,-1.1000000000000005
2026-10-01 02:00:00,25.9,67,0.0,2.0,2,1,10,3,-0.40000000000000213,3.0,-1.2999999999999998
2026-10-01 03:00:00,25.5,70,0.0,0.4,3,1,10,3,-0.3999999999999986,3.0,-1.6
2026-10-01 04:00:00,24.9,72,0.0,0.9,4,1,10,3,-0.6000000000000014,2.0,0.5
2026-10-01 05:00:00,24.4,76,0.0,1.3,5,1,10,3,-0.5,4.0,0.4
2026-10-01 06:00:00,24.2,78,0.0,1.8,6,1,10,3,-0.1999999999999993,2.0,0.5
2026-10-01 07:00:00,26.0,68,0.0,0.6,7,1,10,3,1.8000000000000007,-10.0,-1.2000000000000002
2026-10-01 08:00:00,28.1,57,0.0,3.4,8,1,10,3,2.1000000000000014,-11.0,2.8
2026-10-01 09:00:00,30.1,47,0.0,6.0,9,1,10,3,2.0,-10.0,2.6
2026-10-01 10:00:00,31.7,39,0.0,7.8,10,1,10,3,1.5999999999999979,-8.0,1.7999999999999998
2026-10-01 11:00:00,32.8,35,0.0,8.9,11,1,10,3,1.0999999999999979,-4.0,1.1000000000000005
2026-10-01 12:00:00,33.6,33,0.0,9.2,12,1,10,3,0.8000000000000043,-2.0,0.29999999999999893
2026-10-01 13:00:00,33.9,32,0.0,10.4,13,1,10,3,0.29999999999999716,-1.0,1.200000000000001
2026-10-01 14:00:00,33.9,32,0.0,11.4,14,1,10,3,0.0,0.0,1.0
2026-10-01 15:00:00,33.2,34,0.0,12.0,15,1,10,3,-0.6999999999999957,2.0,0.5999999999999996
2026-10-01 16:00:00,32.4,38,0.0,12.2,16,1,10,3,-0.8000000000000043,4.0,0.1999999999999993
2026-10-01 17:00:00,31.2,42,0.0,12.7,17,1,10,3,-1.1999999999999993,4.0,0.5
2026-10-01 18:00:00,30.3,46,0.0,11.1,18,1,10,3,-0.8999999999999986,4.0,-1.5999999999999996
2026-10-01 19:00:00,29.7,49,0.0,9.8,19,1,10,3,-0.6000000000000014,3.0,-1.299999999999999
2026-10-01 20:00:00,29.1,52,0.0,8.9,20,1,10,3,-0.5999999999999979,3.0,-0.9000000000000004
2026-10-01 21:00:00,28.4,56,0.0,6.8,21,1,10,3,-0.7000000000000028,4.0,-2.1000000000000005
2026-10-01 22:00:00,27.8,59,0.0,5.6,22,1,10,3,-0.5999999999999979,3.0,-1.2000000000000002
2026-10-01 23:00:00,27.3,62,0.0,4.3,23,1,10,3,-0.5,3.0,-1.2999999999999998
2026-10-02 00:00:00,26.8,65,0.0,3.8,0,2,10,4,-0.5,3.0,-0.5
2026-10-02 01:00:00,26.4,67,0.0,3.7,1,2,10,4,-0.40000000000000213,2.0,-0.09999999999999964
2026-10-02 02:00:00,26.0,68,0.0,4.5,2,2,10,4,-0.3999999999999986,1.0,0.7999999999999998
2026-10-02 03:00:00,25.7,69,0.0,5.3,3,2,10,4,-0.3000000000000007,1.0,0.7999999999999998
2026-10-02 04:00:00,25.5,69,0.0,5.5,4,2,10,4,-0.1999999999999993,0.0,0.20000000000000018
2026-10-02 05:00:00,25.1,70,0.0,5.0,5,2,10,4,-0.3999999999999986,1.0,-0.5
2026-10-02 06:00:00,24.9,71,0.0,4.6,6,2,10,4,-0.20000000000000284,1.0,-0.40000000000000036
2026-10-02 07:00:00,25.9,66,0.0,3.6,7,2,10,4,1.0,-5.0,-0.9999999999999996
2026-10-02 08:00:00,27.8,59,0.0,4.8,8,2,10,4,1.9000000000000021,-7.0,1.1999999999999997
2026-10-02 09:00:00,29.5,51,0.0,6.7,9,2,10,4,1.6999999999999993,-8.0,1.9000000000000004
2026-10-02 10:00:00,31.0,45,0.0,7.5,10,2,10,4,1.5,-6.0,0.7999999999999998
2026-10-02 11:00:00,31.9,41,0.1,7.9,11,2,10,4,0.8999999999999986,-4.0,0.40000000000000036
2026-10-02 12:00:00,32.7,37,0.1,8.7,12,2,10,4,0.8000000000000043,-4.0,0.7999999999999989
2026-10-02 13:00:00,32.9,36,0.0,9.3,13,2,10,4,0.19999999999999574,-1.0,0.6000000000000014
2026-10-02 14:00:00,32.9,35,0.1,10.1,14,2,10,4,0.0,-1.0,0.7999999999999989
2026-10-02 15:00:00,32.5,37,0.1,10.2,15,2,10,4,-0.3999999999999986,2.0,0.09999999999999964
2026-10-02 16:00:00,31.8,39,0.0,10.1,16,2,10,4,-0.6999999999999993,2.0,-0.09999999999999964
2026-10-02 17:00:00,30.9,43,0.0,10.5,17,2,10,4,-0.9000000000000021,4.0,0.40000000000000036
2026-10-02 18:00:00,30.3,46,0.0,10.2,18,2,10,4,-0.5999999999999979,3.0,-0.3000000000000007
2026-10-02 19:00:00,29.6,49,0.0,9.6,19,2,10,4,-0.6999999999999993,3.0,-0.5999999999999996
2026-10-02 20:00:00,28.9,52,0.0,8.0,20,2,10,4,-0.7000000000000028,3.0,-1.5999999999999996
2026-10-02 21:00:00,28.1,56,0.0,6.9,21,2,10,4,-0.7999999999999972,4.0,-1.0999999999999996
2026-10-02 22:00:00,27.4,59,0.0,5.8,22,2,10,4,-0.7000000000000028,3.0,-1.1000000000000005
2026-10-02 23:00:00,26.9,62,0.0,5.5,23,2,10,4,-0.5,3.0,-0.2999999999999998
2026-10-03 00:00:00,26.5,64,0.0,6.0,0,3,10,5,-0.3999999999999986,2.0,0.5
2026-10-03 01:00:00,26.0,66,0.0,5.6,1,3,10,5,-0.5,2.0,-0.40000000000000036
2026-10-03 02:00:00,25.6,68,0.0,4.6,2,3,10,5,-0.3999999999999986,2.0,-1.0
2026-10-03 03:00:00,25.3,69,0.0,4.0,3,3,10,5,-0.3000000000000007,1.0,-0.5999999999999996
2026-10-03 04:00:00,25.0,69,0.0,5.2,4,3,10,5,-0.3000000000000007,0.0,1.2000000000000002
2026-10-03 05:00:00,24.4,73,0.0,3.6,5,3,10,5,-0.6000000000000014,4.0,-1.6
2026-10-03 06:00:00,24.2,75,0.0,2.5,6,3,10,5,-0.1999999999999993,2.0,-1.1
2026-10-03 07:00:00,25.5,69,0.0,1.2,7,3,10,5,1.3000000000000007,-6.0,-1.3
2026-10-03 08:00:00,27.6,61,0.0,2.4,8,3,10,5,2.1000000000000014,-8.0,1.2
2026-10-03 09:00:00,29.4,50,0.0,3.4,9,3,10,5,1.7999999999999972,-11.0,1.0
2026-10-03 10:00:00,31.0,41,0.0,4.0,10,3,10,5,1.6000000000000014,-9.0,0.6000000000000001
2026-10-03 11:00:00,32.2,36,0.0,3.8,11,3,10,5,1.2000000000000028,-5.0,-0.20000000000000018
2026-10-03 12:00:00,33.3,33,0.0,3.3,12,3,10,5,1.0999999999999943,-3.0,-0.5
2026-10-03 13:00:00,34.0,30,0.0,3.2,13,3,10,5,0.7000000000000028,-3.0,-0.09999999999999964
2026-10-03 14:00:00,34.5,28,0.0,4.2,14,3,10,5,0.5,-2.0,1.0
2026-10-03 15:00:00,34.5,26,0.0,8.1,15,3,10,5,0.0,-2.0,3.8999999999999995
2026-10-03 16:00:00,32.8,33,0.0,10.1,16,3,10,5,-1.7000000000000028,7.0,2.0
2026-10-03 17:00:00,31.6,37,0.0,9.6,17,3,10,5,-1.1999999999999957,4.0,-0.5
2026-10-03 18:00:00,30.8,41,0.0,8.6,18,3,10,5,-0.8000000000000007,4.0,-1.0
2026-10-03 19:00:00,30.2,41,0.0,6.8,19,3,10,5,-0.6000000000000014,0.0,-1.7999999999999998
2026-10-03 20:00:00,29.5,43,0.0,6.1,20,3,10,5,-0.6999999999999993,2.0,-0.7000000000000002
2026-10-03 21:00:00,28.5,53,0.0,6.6,21,3,10,5,-1.0,10.0,0.5
2026-10-03 22:00:00,27.8,59,0.0,5.4,22,3,10,5,-0.6999999999999993,6.0,-1.1999999999999993
2026-10-03 23:00:00,27.2,62,0.0,4.4,23,3,10,5,-0.6000000000000014,3.0,-1.0
2026-10-04 00:00:00,26.6,65,0.0,4.9,0,4,10,6,-0.5999999999999979,3.0,0.5
2026-10-04 01:00:00,26.0,68,0.0,4.7,1,4,10,6,-0.6000000000000014,3.0,-0.20000000000000018
2026-10-04 02:00:00,25.3,72,0.0,4.8,2,4,10,6,-0.6999999999999993,4.0,0.09999999999999964
2026-10-04 03:00:00,24.8,76,0.0,4.6,3,4,10,6,-0.5,4.0,-0.20000000000000018
2026-10-04 04:00:00,24.3,79,0.0,4.1,4,4,10,6,-0.5,3.0,-0.5
2026-10-04 05:00:00,23.9,82,0.0,3.5,5,4,10,6,-0.40000000000000213,3.0,-0.5999999999999996
2026-10-04 06:00:00,23.7,84,0.0,3.3,6,4,10,6,-0.1999999999999993,2.0,-0.20000000000000018
2026-10-04 07:00:00,24.7,80,0.0,3.3,7,4,10,6,1.0,-4.0,0.0
2026-10-04 08:00:00,26.8,68,0.0,3.9,8,4,10,6,2.1000000000000014,-12.0,0.6000000000000001
2026-10-04 09:00:00,29.1,53,0.0,4.3,9,4,10,6,2.3000000000000007,-15.0,0.3999999999999999
2026-10-04 10:00:00,30.9,42,0.0,4.9,10,4,10,6,1.7999999999999972,-11.0,0.6000000000000005
2026-10-04 11:00:00,32.1,36,0.0,4.9,11,4,10,6,1.2000000000000028,-6.0,0.0
2026-10-04 12:00:00,33.4,31,0.0,4.4,12,4,10,6,1.2999999999999972,-5.0,-0.5
2026-10-04 13:00:00,34.2,28,0.0,6.7,13,4,10,6,0.8000000000000043,-3.0,2.3
2026-10-04 14:00:00,34.5,26,0.0,9.5,14,4,10,6,0.29999999999999716,-2.0,2.8
2026-10-04 15:00:00,33.6,28,0.0,10.9,15,4,10,6,-0.8999999999999986,2.0,1.4000000000000004
2026-10-04 16:00:00,32.9,31,0.0,11.2,16,4,10,6,-0.7000000000000028,3.0,0.29999999999999893
2026-10-04 17:00:00,31.6,35,0.0,12.8,17,4,10,6,-1.2999999999999972,4.0,1.6000000000000014
2026-10-04 18:00:00,30.9,37,0.0,10.6,18,4,10,6,-0.7000000000000028,2.0,-2.200000000000001
2026-10-04 19:00:00,30.3,39,0.0,7.3,19,4,10,6,-0.5999999999999979,2.0,-3.3
2026-10-04 20:00:00,29.7,41,0.0,5.4,20,4,10,6,-0.6000000000000014,2.0,-1.8999999999999995
2026-10-04 21:00:00,29.0,44,0.0,5.2,21,4,10,6,-0.6999999999999993,3.0,-0.20000000000000018
2026-10-04 22:00:00,28.2,48,0.0,5.5,22,4,10,6,-0.8000000000000007,4.0,0.2999999999999998
2026-10-04 23:00:00,27.4,53,0.0,6.0,23,4,10,6,-0.8000000000000007,5.0,0.5
2026-10-05 00:00:00,26.6,58,0.0,6.3,0,5,10,0,-0.7999999999999972,5.0,0.2999999999999998
2026-10-05 01:00:00,25.8,64,0.0,6.3,1,5,10,0,-0.8000000000000007,6.0,0.0
2026-10-05 02:00:00,25.2,69,0.0,6.4,2,5,10,0,-0.6000000000000014,5.0,0.10000000000000053
2026-10-05 03:00:00,24.6,74,0.0,6.1,3,5,10,0,-0.5999999999999979,5.0,-0.3000000000000007
2026-10-05 04:00:00,24.1,79,0.0,5.5,4,5,10,0,-0.5,5.0,-0.5999999999999996
2026-10-05 05:00:00,24.0,81,0.0,5.2,5,5,10,0,-0.10000000000000142,2.0,-0.2999999999999998
2026-10-05 06:00:00,24.6,80,0.0,5.4,6,5,10,0,0.6000000000000014,-1.0,0.20000000000000018
2026-10-05 07:00:00,25.7,76,0.0,5.7,7,5,10,0,1.0999999999999979,-4.0,0.2999999999999998
2026-10-05 08:00:00,27.0,69,0.0,5.8,8,5,10,0,1.3000000000000007,-7.0,0.09999999999999964
2026-10-05 09:00:00,28.8,56,0.0,5.5,9,5,10,0,1.8000000000000007,-13.0,-0.2999999999999998
2026-10-05 10:00:00,30.8,43,0.0,4.9,10,5,10,0,2.0,-13.0,-0.5999999999999996
2026-10-05 11:00:00,32.4,35,0.0,4.2,11,5,10,0,1.5999999999999979,-8.0,-0.7000000000000002
2026-10-05 12:00:00,33.3,31,0.0,4.4,12,5,10,0,0.8999999999999986,-4.0,0.20000000000000018
2026-10-05 13:00:00,33.8,30,0.0,7.2,13,5,10,0,0.5,-1.0,2.8
2026-10-05 14:00:00,33.8,29,0.0,9.8,14,5,10,0,0.0,-1.0,2.6000000000000005
2026-10-05 15:00:00,33.2,31,0.0,11.0,15,5,10,0,-0.5999999999999943,2.0,1.1999999999999993
2026-10-05 16:00:00,32.1,34,0.0,11.4,16,5,10,0,-1.1000000000000014,3.0,0.40000000000000036
2026-10-05 17:00:00,31.1,37,0.0,11.4,17,5,10,0,-1.0,3.0,0.0
2026-10-05 18:00:00,30.5,39,0.0,10.1,18,5,10,0,-0.6000000000000014,2.0,-1.3000000000000007
2026-10-05 19:00:00,29.9,40,0.0,8.2,19,5,10,0,-0.6000000000000014,1.0,-1.9000000000000004
2026-10-05 20:00:00,29.3,42,0.0,6.7,20,5,10,0,-0.5999999999999979,2.0,-1.4999999999999991
2026-10-05 21:00:00,28.5,46,0.0,5.5,21,5,10,0,-0.8000000000000007,4.0,-1.2000000000000002
2026-10-05 22:00:00,27.6,49,0.0,4.6,22,5,10,0,-0.8999999999999986,3.0,-0.9000000000000004
2026-10-05 23:00:00,26.8,53,0.0,4.3,23,5,10,0,-0.8000000000000007,4.0,-0.2999999999999998
2026-10-06 00:00:00,26.1,57,0.0,4.0,0,6,10,1,-0.6999999999999993,4.0,-0.2999999999999998
2026-10-06 01:00:00,25.5,60,0.0,3.6,1,6,10,1,-0.6000000000000014,3.0,-0.3999999999999999
2026-10-06 02:00:00,25.0,63,0.0,3.5,2,6,10,1,-0.5,3.0,-0.10000000000000009
2026-10-06 03:00:00,24.5,66,0.0,3.4,3,6,10,1,-0.5,3.0,-0.10000000000000009
2026-10-06 04:00:00,24.0,69,0.0,3.5,4,6,10,1,-0.5,3.0,0.10000000000000009
2026-10-06 05:00:00,24.0,69,0.0,3.5,5,6,10,1,0.0,0.0,0.0
2026-10-06 06:00:00,24.7,64,0.0,3.1,6,6,10,1,0.6999999999999993,-5.0,-0.3999999999999999
2026-10-06 07:00:00,25.8,58,0.0,2.6,7,6,10,1,1.1000000000000014,-6.0,-0.5
2026-10-06 08:00:00,27.1,51,0.0,2.2,8,6,10,1,1.3000000000000007,-7.0,-0.3999999999999999
2026-10-06 09:00:00,28.7,44,0.0,2.1,9,6,10,1,1.5999999999999979,-7.0,-0.10000000000000009
2026-10-06 10:00:00,30.6,36,0.0,2.7,10,6,10,1,1.9000000000000021,-8.0,0.6000000000000001
2026-10-06 11:00:00,32.0,31,0.0,3.8,11,6,10,1,1.3999999999999986,-5.0,1.0999999999999996
2026-10-06 12:00:00,33.0,29,0.0,5.4,12,6,10,1,1.0,-2.0,1.6000000000000005
2026-10-06 13:00:00,33.5,27,0.0,7.2,13,6,10,1,0.5,-2.0,1.7999999999999998
2026-10-06 14:00:00,33.6,27,0.0,9.0,14,6,10,1,0.10000000000000142,0.0,1.7999999999999998
2026-10-06 15:00:00,33.1,29,0.0,10.2,15,6,10,1,-0.5,2.0,1.1999999999999993
2026-10-06 16:00:00,32.2,32,0.0,10.8,16,6,10,1,-0.8999999999999986,3.0,0.6000000000000014
2026-10-06 17:00:00,31.2,36,0.0,10.9,17,6,10,1,-1.0000000000000036,4.0,0.09999999999999964
2026-10-06 18:00:00,30.4,40,0.0,10.2,18,6,10,1,-0.8000000000000007,4.0,-0.7000000000000011
2026-10-06 19:00:00,29.5,43,0.0,8.8,19,6,10,1,-0.8999999999999986,3.0,-1.3999999999999986
2026-10-06 20:00:00,28.6,46,0.0,7.5,20,6,10,1,-0.8999999999999986,3.0,-1.3000000000000007
2026-10-06 21:00:00,27.8,49,0.0,6.5,21,6,10,1,-0.8000000000000007,3.0,-1.0
2026-10-06 22:00:00,26.9,52,0.0,5.5,22,6,10,1,-0.9000000000000021,3.0,-1.0
2026-10-06 23:00:00,26.4,54,0.0,5.1,23,6,10,1,-0.5,2.0,-0.40000000000000036
2026-10-07 00:00:00,25.9,58,0.0,5.1,0,7,10,2,-0.5,4.0,0.0
2026-10-07 01:00:00,25.1,62,0.0,4.9,1,7,10,2,-0.7999999999999972,4.0,-0.1999999999999993
2026-10-07 02:00:00,24.4,65,0.0,4.9,2,7,10,2,-0.7000000000000028,3.0,0.0
2026-10-07 03:00:00,23.9,68,0.0,4.8,3,7,10,2,-0.5,3.0,-0.10000000000000053
2026-10-07 04:00:00,23.7,69,0.0,4.8,4,7,10,2,-0.1999999999999993,1.0,0.0
2026-10-07 05:00:00,23.8,68,0.0,4.9,5,7,10,2,0.10000000000000142,-1.0,0.10000000000000053
2026-10-07 06:00:00,24.6,64,0.0,5.0,6,7,10,2,0.8000000000000007,-4.0,0.09999999999999964
2026-10-07 07:00:00,25.9,59,0.0,5.4,7,7,10,2,1.2999999999999972,-5.0,0.40000000000000036
2026-10-07 08:00:00,27.6,53,0.0,6.1,8,7,10,2,1.7000000000000028,-6.0,0.6999999999999993
2026-10-07 09:00:00,29.2,47,0.0,6.6,9,7,10,2,1.5999999999999979,-6.0,0.5
2026-10-07 10:00:00,30.6,43,0.0,7.3,10,7,10,2,1.4000000000000021,-4.0,0.7000000000000002
2026-10-07 11:00:00,31.6,40,0.0,7.6,11,7,10,2,1.0,-3.0,0.2999999999999998
2026-10-07 12:00:00,32.0,38,0.0,7.8,12,7,10,2,0.3999999999999986,-2.0,0.20000000000000018
2026-10-07 13:00:00,32.2,38,0.0,8.0,13,7,10,2,0.20000000000000284,0.0,0.20000000000000018
2026-10-07 14:00:00,32.1,37,0.0,8.3,14,7,10,2,-0.10000000000000142,-1.0,0.3000000000000007
2026-10-07 15:00:00,31.9,37,0.0,8.7,15,7,10,2,-0.20000000000000284,0.0,0.3999999999999986
2026-10-07 16:00:00,31.5,38,0.0,9.1,16,7,10,2,-0.3999999999999986,1.0,0.40000000000000036
2026-10-07 17:00:00,31.1,39,0.0,9.3,17,7,10,2,-0.3999999999999986,1.0,0.20000000000000107
2026-10-07 18:00:00,30.6,41,0.0,9.3,18,7,10,2,-0.5,2.0,0.0
2026-10-07 19:00:00,30.0,43,0.0,8.8,19,7,10,2,-0.6000000000000014,2.0,-0.5
2026-10-07 20:00:00,29.2,47,0.0,8.5,20,7,10,2,-0.8000000000000007,4.0,-0.3000000000000007
2026-10-07 21:00:00,28.4,50,0.0,8.0,21,7,10,2,-0.8000000000000007,3.0,-0.5
2026-10-07 22:00:00,27.6,54,0.0,7.4,22,7,10,2,-0.7999999999999972,4.0,-0.5999999999999996
2026-10-07 23:00:00,26.9,58,0.0,7.0,23,7,10,2,-0.7000000000000028,4.0,-0.40000000000000036
