time,temperature_2m,relative_humidity_2m,precipitation,wind_speed_10m,location
2026-10-01T00:00,26.9,60,0.0,4.4,Hyderabad_Central
2026-10-01T01:00,26.3,64,0.0,3.3,Hyderabad_Central
2026-10-01T02:00,25.9,67,0.0,2.0,Hyderabad_Central
2026-10-01T03:00,25.5,70,0.0,0.4,Hyderabad_Central
2026-10-01T04:00,24.9,72,0.0,0.9,Hyderabad_Central
2026-10-01T05:00,25.0,74,0.0,2.0,Hyderabad_Central
2026-10-01T06:00,24.7,75,0.0,1.5,Hyderabad_Central
2026-10-01T07:00,26.3,67,0.0,0.6,Hyderabad_Central
2026-10-01T08:00,28.2,58,0.0,3.6,Hyderabad_Central
2026-10-01T09:00,30.0,48,0.0,6.1,Hyderabad_Central
2026-10-01T10:00,31.6,40,0.0,7.5,Hyderabad_Central
2026-10-01T11:00,32.9,35,0.0,8.8,Hyderabad_Central
2026-10-01T12:00,33.6,33,0.0,9.4,Hyderabad_Central
2026-10-01T13:00,34.0,32,0.0,10.4,Hyderabad_Central
2026-10-01T14:00,33.7,33,0.0,11.3,Hyderabad_Central
2026-10-01T15:00,33.2,36,0.0,12.1,Hyderabad_Central
2026-10-01T16:00,32.2,39,0.0,12.2,Hyderabad_Central
2026-10-01T17:00,31.1,43,0.0,12.0,Hyderabad_Central
2026-10-01T18:00,30.4,47,0.0,10.8,Hyderabad_Central
2026-10-01T19:00,29.8,50,0.0,9.7,Hyderabad_Central
2026-10-01T20:00,29.2,53,0.0,9.1,Hyderabad_Central
2026-10-01T21:00,28.6,56,0.0,7.3,Hyderabad_Central
2026-10-01T22:00,28.0,59,0.0,5.9,Hyderabad_Central
2026-10-01T23:00,27.6,61,0.0,4.7,Hyderabad_Central
2026-10-02T00:00,27.1,64,0.0,3.5,Hyderabad_Central
2026-10-02T01:00,26.7,65,0.0,4.1,Hyderabad_Central
2026-10-02T02:00,26.3,66,0.0,5.2,Hyderabad_Central
2026-10-02T03:00,25.9,68,0.0,5.4,Hyderabad_Central
2026-10-02T04:00,25.6,69,0.0,5.4,Hyderabad_Central
2026-10-02T05:00,25.3,70,0.0,5.2,Hyderabad_Central
2026-10-02T06:00,25.1,70,0.0,4.5,Hyderabad_Central
2026-10-02T07:00,26.2,65,0.0,3.6,Hyderabad_Central
2026-10-02T08:00,28.0,57,0.0,4.9,Hyderabad_Central
2026-10-02T09:00,29.8,49,0.0,7.3,Hyderabad_Central
2026-10-02T10:00,31.2,44,0.0,8.1,Hyderabad_Central
2026-10-02T11:00,32.4,38,0.0,8.9,Hyderabad_Central
2026-10-02T12:00,33.0,36,0.0,9.3,Hyderabad_Central
2026-10-02T13:00,33.4,34,0.0,10.0,Hyderabad_Central
2026-10-02T14:00,33.2,34,0.1,10.7,Hyderabad_Central
2026-10-02T15:00,33.1,34,0.0,10.6,Hyderabad_Central
2026-10-02T16:00,32.3,37,0.0,10.7,Hyderabad_Central
2026-10-02T17:00,31.3,41,0.0,11.9,Hyderabad_Central
2026-10-02T18:00,30.4,44,0.0,11.1,Hyderabad_Central
2026-10-02T19:00,29.8,48,0.0,9.3,Hyderabad_Central
2026-10-02T20:00,29.1,52,0.0,8.1,Hyderabad_Central
2026-10-02T21:00,28.4,55,0.0,7.4,Hyderabad_Central
2026-10-02T22:00,27.8,58,0.0,6.0,Hyderabad_Central
2026-10-02T23:00,27.2,60,0.0,4.9,Hyderabad_Central
2026-10-03T00:00,26.9,61,0.0,5.2,Hyderabad_Central
2026-10-03T01:00,26.5,63,0.0,4.8,Hyderabad_Central
2026-10-03T02:00,26.1,65,0.0,4.7,Hyderabad_Central
2026-10-03T03:00,25.8,67,0.0,4.5,Hyderabad_Central
2026-10-03T04:00,25.2,69,0.0,5.3,Hyderabad_Central
2026-10-03T05:00,24.7,73,0.0,3.1,Hyderabad_Central
2026-10-03T06:00,24.5,76,0.0,0.5,Hyderabad_Central
2026-10-03T07:00,25.8,69,0.0,0.4,Hyderabad_Central
2026-10-03T08:00,27.8,60,0.0,2.1,Hyderabad_Central
2026-10-03T09:00,29.7,49,0.0,2.9,Hyderabad_Central
2026-10-03T10:00,31.2,41,0.0,3.1,Hyderabad_Central
2026-10-03T11:00,32.5,37,0.0,3.2,Hyderabad_Central
2026-10-03T12:00,33.7,32,0.0,3.5,Hyderabad_Central
2026-10-03T13:00,34.5,28,0.0,3.4,Hyderabad_Central
2026-10-03T14:00,34.9,26,0.0,5.4,Hyderabad_Central
2026-10-03T15:00,34.0,30,0.0,9.1,Hyderabad_Central
2026-10-03T16:00,32.9,35,0.0,9.3,Hyderabad_Central
2026-10-03T17:00,31.9,38,0.0,9.4,Hyderabad_Central
2026-10-03T18:00,31.1,42,0.0,7.9,Hyderabad_Central
2026-10-03T19:00,30.3,44,0.0,6.1,Hyderabad_Central
2026-10-03T20:00,29.7,47,0.0,5.7,Hyderabad_Central
2026-10-03T21:00,29.1,53,0.0,5.1,Hyderabad_Central
2026-10-03T22:00,28.2,58,0.0,4.7,Hyderabad_Central
2026-10-03T23:00,27.6,62,0.0,4.9,Hyderabad_Central
2026-10-04T00:00,26.9,65,0.0,4.5,Hyderabad_Central
2026-10-04T01:00,26.1,70,0.0,5.9,Hyderabad_Central
2026-10-04T02:00,25.4,75,0.0,5.3,Hyderabad_Central
2026-10-04T03:00,24.9,78,0.0,4.5,Hyderabad_Central
2026-10-04T04:00,24.5,81,0.0,4.3,Hyderabad_Central
2026-10-04T05:00,24.1,84,0.0,3.8,Hyderabad_Central
2026-10-04T06:00,23.8,86,0.0,3.9,Hyderabad_Central
2026-10-04T07:00,24.9,81,0.0,2.7,Hyderabad_Central
2026-10-04T08:00,27.0,69,0.0,3.0,Hyderabad_Central
2026-10-04T09:00,29.4,53,0.0,2.8,Hyderabad_Central
2026-10-04T10:00,31.1,42,0.0,3.4,Hyderabad_Central
2026-10-04T11:00,32.4,36,0.0,3.8,Hyderabad_Central
2026-10-04T12:00,34.0,31,0.0,4.7,Hyderabad_Central
2026-10-04T13:00,34.6,28,0.0,7.6,Hyderabad_Central
2026-10-04T14:00,34.1,29,0.0,10.5,Hyderabad_Central
2026-10-04T15:00,33.4,30,0.0,10.6,Hyderabad_Central
2026-10-04T16:00,32.9,33,0.0,11.9,Hyderabad_Central
2026-10-04T17:00,31.6,38,0.0,13.0,Hyderabad_Central
2026-10-04T18:00,30.7,42,0.0,10.6,Hyderabad_Central
2026-10-04T19:00,30.3,43,0.0,7.9,Hyderabad_Central
2026-10-04T20:00,29.8,44,0.0,5.3,Hyderabad_Central
2026-10-04T21:00,28.9,49,0.0,4.7,Hyderabad_Central
2026-10-04T22:00,28.2,52,0.0,4.2,Hyderabad_Central
2026-10-04T23:00,27.5,56,0.0,4.7,Hyderabad_Central
2026-10-05T00:00,26.8,61,0.0,5.2,Hyderabad_Central
2026-10-05T01:00,26.1,67,0.0,5.5,Hyderabad_Central
2026-10-05T02:00,25.5,73,0.0,5.5,Hyderabad_Central
2026-10-05T03:00,24.9,78,0.0,5.4,Hyderabad_Central
2026-10-05T04:00,24.4,81,0.0,5.0,Hyderabad_Central
2026-10-05T05:00,24.4,83,0.0,4.8,Hyderabad_Central
2026-10-05T06:00,24.9,81,0.0,5.1,Hyderabad_Central
2026-10-05T07:00,25.9,77,0.0,5.7,Hyderabad_Central
2026-10-05T08:00,27.2,70,0.0,5.8,Hyderabad_Central
2026-10-05T09:00,28.8,58,0.0,5.3,Hyderabad_Central
2026-10-05T10:00,30.7,46,0.0,4.3,Hyderabad_Central
2026-10-05T11:00,32.1,39,0.0,3.4,Hyderabad_Central
2026-10-05T12:00,33.0,35,0.1,3.1,Hyderabad_Central
2026-10-05T13:00,33.4,34,0.1,5.0,Hyderabad_Central
2026-10-05T14:00,33.5,33,0.1,7.0,Hyderabad_Central
2026-10-05T15:00,32.9,34,0.0,8.3,Hyderabad_Central
2026-10-05T16:00,31.8,37,0.0,9.1,Hyderabad_Central
2026-10-05T17:00,30.9,39,0.0,9.3,Hyderabad_Central
2026-10-05T18:00,30.4,41,0.0,8.6,Hyderabad_Central
2026-10-05T19:00,30.0,42,0.0,7.9,Hyderabad_Central
2026-10-05T20:00,29.5,43,0.0,7.3,Hyderabad_Central
2026-10-05T21:00,28.8,46,0.0,6.6,Hyderabad_Central
2026-10-05T22:00,27.9,50,0.0,5.3,Hyderabad_Central
2026-10-05T23:00,27.1,54,0.0,4.1,Hyderabad_Central
2026-10-06T00:00,26.4,57,0.0,3.0,Hyderabad_Central
2026-10-06T01:00,25.8,60,0.0,2.5,Hyderabad_Central
2026-10-06T02:00,25.2,63,0.0,3.1,Hyderabad_Central
2026-10-06T03:00,24.3,69,0.0,3.4,Hyderabad_Central
2026-10-06T04:00,23.5,76,0.0,3.6,Hyderabad_Central
2026-10-06T05:00,23.3,79,0.0,3.5,Hyderabad_Central
2026-10-06T06:00,24.1,74,0.0,2.4,Hyderabad_Central
2026-10-06T07:00,25.6,65,0.0,0.8,Hyderabad_Central
2026-10-06T08:00,27.2,57,0.0,1.3,Hyderabad_Central
2026-10-06T09:00,28.9,48,0.0,2.4,Hyderabad_Central
2026-10-06T10:00,30.7,39,0.0,3.5,Hyderabad_Central
2026-10-06T11:00,32.1,33,0.0,4.6,Hyderabad_Central
2026-10-06T12:00,32.9,31,0.0,6.0,Hyderabad_Central
2026-10-06T13:00,33.4,29,0.0,7.6,Hyderabad_Central
2026-10-06T14:00,33.5,29,0.0,9.2,Hyderabad_Central
2026-10-06T15:00,33.1,29,0.0,10.8,Hyderabad_Central
2026-10-06T16:00,32.2,31,0.0,12.3,Hyderabad_Central
2026-10-06T17:00,31.3,33,0.0,12.6,Hyderabad_Central
2026-10-06T18:00,30.5,35,0.0,10.9,Hyderabad_Central
2026-10-06T19:00,29.5,38,0.0,8.2,Hyderabad_Central
2026-10-06T20:00,28.6,42,0.0,6.6,Hyderabad_Central
2026-10-06T21:00,27.8,46,0.0,6.2,Hyderabad_Central
2026-10-06T22:00,26.9,51,0.0,6.3,Hyderabad_Central
2026-10-06T23:00,26.2,56,0.0,6.1,Hyderabad_Central
2026-10-07T00:00,25.6,59,0.0,5.4,Hyderabad_Central
2026-10-07T01:00,25.1,62,0.0,4.9,Hyderabad_Central
2026-10-07T02:00,24.7,64,0.0,4.8,Hyderabad_Central
2026-10-07T03:00,23.7,69,0.0,5.5,Hyderabad_Central
2026-10-07T04:00,23.5,70,0.0,5.4,Hyderabad_Central
2026-10-07T05:00,23.7,69,0.0,5.6,Hyderabad_Central
2026-10-07T06:00,24.6,64,0.0,5.8,Hyderabad_Central
2026-10-07T07:00,26.0,57,0.0,6.0,Hyderabad_Central
2026-10-07T08:00,27.7,49,0.0,6.3,Hyderabad_Central
2026-10-07T09:00,29.4,43,0.0,6.6,Hyderabad_Central
2026-10-07T10:00,30.9,38,0.0,7.0,Hyderabad_Central
2026-10-07T11:00,31.9,35,0.0,7.3,Hyderabad_Central
2026-10-07T12:00,32.3,33,0.0,7.7,Hyderabad_Central
2026-10-07T13:00,32.5,33,0.0,8.3,Hyderabad_Central
2026-10-07T14:00,32.4,33,0.0,9.2,Hyderabad_Central
2026-10-07T15:00,32.2,33,0.0,10.1,Hyderabad_Central
2026-10-07T16:00,31.8,34,0.0,10.9,Hyderabad_Central
2026-10-07T17:00,31.4,36,0.0,11.3,Hyderabad_Central
2026-10-07T18:00,30.8,38,0.0,11.2,Hyderabad_Central
2026-10-07T19:00,30.1,41,0.0,10.7,Hyderabad_Central
2026-10-07T20:00,29.2,44,0.0,9.8,Hyderabad_Central
2026-10-07T21:00,28.3,49,0.0,8.8,Hyderabad_Central
2026-10-07T22:00,27.4,53,0.0,7.8,Hyderabad_Central
2026-10-07T23:00,26.7,57,0.0,7.0,Hyderabad_Central
2026-10-01T00:00,25.0,68,0.0,4.1,HITEC_City
2026-10-01T01:00,24.4,72,0.0,3.5,HITEC_City
2026-10-01T02:00,24.1,75,0.0,2.9,HITEC_City
2026-10-01T03:00,23.8,77,0.0,0.9,HITEC_City
2026-10-01T04:00,23.3,79,0.0,0.6,HITEC_City
2026-10-01T05:00,23.3,80,0.0,1.0,HITEC_City
2026-10-01T06:00,23.1,83,0.0,1.8,HITEC_City
2026-10-01T07:00,25.2,73,0.0,1.5,HITEC_City
2026-10-01T08:00,27.5,63,0.0,3.7,HITEC_City
2026-10-01T09:00,29.3,54,0.0,6.7,HITEC_City
2026-10-01T10:00,30.8,45,0.0,8.4,HITEC_City
2026-10-01T11:00,31.9,40,0.0,10.4,HITEC_City
2026-10-01T12:00,32.5,38,0.0,11.3,HITEC_City
2026-10-01T13:00,32.8,38,0.0,12.3,HITEC_City
2026-10-01T14:00,32.4,39,0.1,13.2,HITEC_City
2026-10-01T15:00,31.9,41,0.0,13.4,HITEC_City
2026-10-01T16:00,30.9,45,0.0,13.1,HITEC_City
2026-10-01T17:00,29.7,49,0.0,12.1,HITEC_City
2026-10-01T18:00,28.4,56,0.0,9.9,HITEC_City
2026-10-01T19:00,27.8,60,0.0,8.9,HITEC_City
2026-10-01T20:00,27.3,62,0.0,8.7,HITEC_City
2026-10-01T21:00,26.9,64,0.0,8.0,HITEC_City
2026-10-01T22:00,26.3,67,0.0,5.9,HITEC_City
2026-10-01T23:00,25.7,69,0.0,5.0,HITEC_City
2026-10-02T00:00,25.2,73,0.0,4.2,HITEC_City
2026-10-02T01:00,24.7,75,0.0,4.0,HITEC_City
2026-10-02T02:00,24.2,77,0.0,5.0,HITEC_City
2026-10-02T03:00,23.8,77,0.0,5.5,HITEC_City
2026-10-02T04:00,23.5,78,0.0,5.0,HITEC_City
2026-10-02T05:00,23.2,79,0.0,4.6,HITEC_City
2026-10-02T06:00,23.3,78,0.0,4.8,HITEC_City
2026-10-02T07:00,25.5,68,0.0,4.9,HITEC_City
2026-10-02T08:00,27.8,57,0.0,6.2,HITEC_City
2026-10-02T09:00,29.6,50,0.0,8.8,HITEC_City
2026-10-02T10:00,30.9,45,0.0,9.5,HITEC_City
2026-10-02T11:00,31.9,41,0.0,10.8,HITEC_City
2026-10-02T12:00,32.5,38,0.0,11.4,HITEC_City
2026-10-02T13:00,32.7,37,0.0,12.8,HITEC_City
2026-10-02T14:00,32.4,37,0.0,12.5,HITEC_City
2026-10-02T15:00,32.2,38,0.0,12.6,HITEC_City
2026-10-02T16:00,31.3,41,0.0,13.1,HITEC_City
2026-10-02T17:00,30.0,45,0.0,13.6,HITEC_City
2026-10-02T18:00,28.6,53,0.0,11.1,HITEC_City
2026-10-02T19:00,27.8,57,0.0,8.7,HITEC_City
2026-10-02T20:00,27.0,62,0.0,8.1,HITEC_City
2026-10-02T21:00,26.4,64,0.0,8.1,HITEC_City
2026-10-02T22:00,25.9,66,0.0,7.4,HITEC_City
2026-10-02T23:00,25.5,67,0.0,7.0,HITEC_City
2026-10-03T00:00,25.2,68,0.0,6.0,HITEC_City
2026-10-03T01:00,24.8,70,0.0,4.7,HITEC_City
2026-10-03T02:00,24.4,72,0.0,4.1,HITEC_City
2026-10-03T03:00,24.1,74,0.0,3.9,HITEC_City
2026-10-03T04:00,23.8,75,0.0,4.0,HITEC_City
2026-10-03T05:00,23.5,77,0.0,3.8,HITEC_City
2026-10-03T06:00,23.5,79,0.0,1.8,HITEC_City
2026-10-03T07:00,25.3,71,0.0,1.8,HITEC_City
2026-10-03T08:00,27.5,61,0.0,2.3,HITEC_City
2026-10-03T09:00,29.5,49,0.0,2.9,HITEC_City
2026-10-03T10:00,31.0,42,0.0,4.4,HITEC_City
2026-10-03T11:00,32.0,39,0.0,5.8,HITEC_City
2026-10-03T12:00,32.9,36,0.0,7.4,HITEC_City
2026-10-03T13:00,33.1,36,0.0,9.9,HITEC_City
2026-10-03T14:00,32.7,37,0.0,12.4,HITEC_City
2026-10-03T15:00,31.8,40,0.0,13.3,HITEC_City
2026-10-03T16:00,31.1,42,0.0,12.5,HITEC_City
2026-10-03T17:00,30.2,45,0.0,12.6,HITEC_City
2026-10-03T18:00,29.1,50,0.0,10.4,HITEC_City
2026-10-03T19:00,28.3,56,0.0,7.5,HITEC_City
2026-10-03T20:00,27.5,60,0.0,5.6,HITEC_City
2026-10-03T21:00,27.0,63,0.0,5.4,HITEC_City
2026-10-03T22:00,26.4,65,0.0,6.0,HITEC_City
2026-10-03T23:00,26.3,66,0.0,6.0,HITEC_City
2026-10-04T00:00,25.9,68,0.0,5.1,HITEC_City
2026-10-04T01:00,25.4,71,0.0,6.1,HITEC_City
2026-10-04T02:00,24.8,75,0.0,6.6,HITEC_City
2026-10-04T03:00,24.2,80,0.0,5.8,HITEC_City
2026-10-04T04:00,23.7,83,0.0,4.8,HITEC_City
2026-10-04T05:00,23.4,86,0.0,5.0,HITEC_City
2026-10-04T06:00,23.3,88,0.0,5.7,HITEC_City
2026-10-04T07:00,24.8,81,0.0,4.1,HITEC_City
2026-10-04T08:00,27.1,68,0.0,4.5,HITEC_City
2026-10-04T09:00,29.5,51,0.0,2.8,HITEC_City
2026-10-04T10:00,31.1,42,0.0,3.7,HITEC_City
2026-10-04T11:00,32.3,36,0.0,5.7,HITEC_City
2026-10-04T12:00,33.2,34,0.0,8.3,HITEC_City
2026-10-04T13:00,33.3,32,0.0,12.0,HITEC_City
2026-10-04T14:00,32.6,33,0.0,13.5,HITEC_City
2026-10-04T15:00,32.0,35,0.0,12.8,HITEC_City
2026-10-04T16:00,31.2,38,0.0,13.9,HITEC_City
2026-10-04T17:00,30.4,41,0.0,11.3,HITEC_City
2026-10-04T18:00,29.1,48,0.0,9.4,HITEC_City
2026-10-04T19:00,28.3,52,0.0,7.2,HITEC_City
2026-10-04T20:00,27.4,56,0.0,6.8,HITEC_City
2026-10-04T21:00,26.6,60,0.0,6.4,HITEC_City
2026-10-04T22:00,26.3,61,0.0,4.9,HITEC_City
2026-10-04T23:00,26.1,61,0.0,5.3,HITEC_City
2026-10-05T00:00,25.7,64,0.0,6.0,HITEC_City
2026-10-05T01:00,25.3,67,0.0,6.4,HITEC_City
2026-10-05T02:00,24.9,71,0.0,6.9,HITEC_City
2026-10-05T03:00,24.4,76,0.0,7.1,HITEC_City
2026-10-05T04:00,23.8,82,0.0,7.0,HITEC_City
2026-10-05T05:00,23.8,84,0.0,6.9,HITEC_City
2026-10-05T06:00,24.6,81,0.0,7.5,HITEC_City
2026-10-05T07:00,26.0,75,0.0,7.8,HITEC_City
2026-10-05T08:00,27.4,67,0.0,7.4,HITEC_City
2026-10-05T09:00,29.1,56,0.0,5.2,HITEC_City
2026-10-05T10:00,30.9,45,0.0,2.5,HITEC_City
2026-10-05T11:00,32.3,38,0.0,2.8,HITEC_City
2026-10-05T12:00,32.8,35,0.0,6.2,HITEC_City
2026-10-05T13:00,32.9,34,0.0,10.1,HITEC_City
2026-10-05T14:00,32.7,34,0.0,12.6,HITEC_City
2026-10-05T15:00,32.0,36,0.0,12.6,HITEC_City
2026-10-05T16:00,31.0,38,0.0,11.3,HITEC_City
2026-10-05T17:00,30.1,41,0.0,9.7,HITEC_City
2026-10-05T18:00,29.2,45,0.0,8.3,HITEC_City
2026-10-05T19:00,28.3,49,0.0,7.0,HITEC_City
2026-10-05T20:00,27.5,52,0.0,6.3,HITEC_City
2026-10-05T21:00,26.9,54,0.0,6.4,HITEC_City
2026-10-05T22:00,26.3,56,0.0,6.7,HITEC_City
2026-10-05T23:00,25.7,58,0.0,6.3,HITEC_City
2026-10-06T00:00,25.1,61,0.0,4.3,HITEC_City
2026-10-06T01:00,24.6,64,0.0,2.8,HITEC_City
2026-10-06T02:00,23.9,68,0.0,3.6,HITEC_City
2026-10-06T03:00,22.9,75,0.0,4.0,HITEC_City
2026-10-06T04:00,21.7,83,0.0,3.8,HITEC_City
2026-10-06T05:00,21.5,85,0.0,3.3,HITEC_City
2026-10-06T06:00,22.7,79,0.0,2.6,HITEC_City
2026-10-06T07:00,24.8,69,0.0,1.4,HITEC_City
2026-10-06T08:00,26.8,59,0.0,0.8,HITEC_City
2026-10-06T09:00,28.7,49,0.0,2.4,HITEC_City
2026-10-06T10:00,30.5,40,0.0,4.4,HITEC_City
2026-10-06T11:00,31.9,34,0.0,6.3,HITEC_City
2026-10-06T12:00,32.7,31,0.0,8.4,HITEC_City
2026-10-06T13:00,33.0,30,0.0,10.4,HITEC_City
2026-10-06T14:00,32.9,30,0.0,12.1,HITEC_City
2026-10-06T15:00,32.3,31,0.0,13.5,HITEC_City
2026-10-06T16:00,31.2,33,0.0,14.3,HITEC_City
2026-10-06T17:00,30.0,37,0.0,14.2,HITEC_City
2026-10-06T18:00,28.9,40,0.0,12.6,HITEC_City
2026-10-06T19:00,27.8,44,0.0,10.1,HITEC_City
2026-10-06T20:00,26.8,49,0.0,8.3,HITEC_City
2026-10-06T21:00,26.0,52,0.0,7.7,HITEC_City
2026-10-06T22:00,25.4,55,0.0,7.5,HITEC_City
2026-10-06T23:00,24.8,58,0.0,7.1,HITEC_City
2026-10-07T00:00,24.3,61,0.0,6.2,HITEC_City
2026-10-07T01:00,23.9,64,0.0,5.2,HITEC_City
2026-10-07T02:00,23.5,67,0.0,4.7,HITEC_City
2026-10-07T03:00,22.3,72,0.0,5.2,HITEC_City
2026-10-07T04:00,22.2,72,0.0,5.0,HITEC_City
2026-10-07T05:00,22.5,70,0.0,4.9,HITEC_City
2026-10-07T06:00,23.6,65,0.0,4.9,HITEC_City
2026-10-07T07:00,25.3,57,0.0,5.1,HITEC_City
2026-10-07T08:00,27.3,49,0.0,5.4,HITEC_City
2026-10-07T09:00,29.3,42,0.0,5.8,HITEC_City
2026-10-07T10:00,31.1,36,0.0,6.0,HITEC_City
2026-10-07T11:00,32.2,34,0.0,6.3,HITEC_City
2026-10-07T12:00,32.6,32,0.0,6.9,HITEC_City
2026-10-07T13:00,32.7,32,0.0,7.8,HITEC_City
2026-10-07T14:00,32.4,33,0.0,9.3,HITEC_City
2026-10-07T15:00,31.9,34,0.0,11.1,HITEC_City
2026-10-07T16:00,31.4,36,0.0,12.6,HITEC_City
2026-10-07T17:00,30.8,38,0.0,13.2,HITEC_City
2026-10-07T18:00,30.1,40,0.0,13.2,HITEC_City
2026-10-07T19:00,29.2,43,0.0,12.5,HITEC_City
2026-10-07T20:00,28.2,47,0.0,11.5,HITEC_City
2026-10-07T21:00,27.2,51,0.0,10.3,HITEC_City
2026-10-07T22:00,26.3,55,0.0,9.3,HITEC_City
2026-10-07T23:00,25.5,60,0.0,8.3,HITEC_City
2026-10-01T00:00,25.7,65,0.0,4.1,Secunderabad
2026-10-01T01:00,25.2,67,0.0,3.5,Secunderabad
2026-10-01T02:00,24.9,69,0.0,2.5,Secunderabad
2026-10-01T03:00,24.6,71,0.0,1.9,Secunderabad
2026-10-01T04:00,24.3,72,0.0,1.9,Secunderabad
2026-10-01T05:00,24.6,72,0.0,3.7,Secunderabad
2026-10-01T06:00,24.5,73,0.0,3.2,Secunderabad
2026-10-01T07:00,26.2,65,0.0,2.3,Secunderabad
2026-10-01T08:00,28.2,58,0.0,4.9,Secunderabad
2026-10-01T09:00,29.8,50,0.0,7.2,Secunderabad
2026-10-01T10:00,31.3,43,0.0,8.6,Secunderabad
2026-10-01T11:00,32.5,37,0.0,10.1,Secunderabad
2026-10-01T12:00,33.1,35,0.0,10.6,Secunderabad
2026-10-01T13:00,33.4,35,0.0,10.9,Secunderabad
2026-10-01T14:00,33.1,36,0.0,11.4,Secunderabad
2026-10-01T15:00,32.4,39,0.1,12.0,Secunderabad
2026-10-01T16:00,31.5,43,0.0,11.5,Secunderabad
2026-10-01T17:00,30.4,47,0.0,10.9,Secunderabad
2026-10-01T18:00,29.4,51,0.0,10.6,Secunderabad
2026-10-01T19:00,28.6,56,0.0,9.4,Secunderabad
2026-10-01T20:00,28.0,59,0.0,8.3,Secunderabad
2026-10-01T21:00,27.5,61,0.0,6.8,Secunderabad
2026-10-01T22:00,27.0,63,0.0,5.4,Secunderabad
2026-10-01T23:00,26.5,66,0.0,5.0,Secunderabad
2026-10-02T00:00,26.0,68,0.0,4.8,Secunderabad
2026-10-02T01:00,25.5,70,0.0,5.8,Secunderabad
2026-10-02T02:00,25.1,72,0.0,6.4,Secunderabad
2026-10-02T03:00,24.8,72,0.0,6.1,Secunderabad
2026-10-02T04:00,24.5,72,0.0,6.1,Secunderabad
2026-10-02T05:00,24.3,72,0.0,5.3,Secunderabad
2026-10-02T06:00,24.0,73,0.0,4.2,Secunderabad
2026-10-02T07:00,25.5,67,0.0,2.6,Secunderabad
2026-10-02T08:00,27.7,58,0.0,4.4,Secunderabad
2026-10-02T09:00,29.6,50,0.0,7.5,Secunderabad
2026-10-02T10:00,31.0,45,0.0,8.9,Secunderabad
2026-10-02T11:00,31.9,41,0.0,9.9,Secunderabad
2026-10-02T12:00,32.5,38,0.0,10.6,Secunderabad
2026-10-02T13:00,32.7,36,0.0,10.9,Secunderabad
2026-10-02T14:00,32.7,36,0.0,10.8,Secunderabad
2026-10-02T15:00,32.4,36,0.0,11.1,Secunderabad
2026-10-02T16:00,31.6,40,0.0,11.3,Secunderabad
2026-10-02T17:00,30.5,44,0.0,11.8,Secunderabad
2026-10-02T18:00,29.3,50,0.0,10.5,Secunderabad
2026-10-02T19:00,28.4,55,0.0,9.0,Secunderabad
2026-10-02T20:00,27.6,59,0.0,8.4,Secunderabad
2026-10-02T21:00,26.9,62,0.0,8.1,Secunderabad
2026-10-02T22:00,26.3,65,0.0,6.4,Secunderabad
2026-10-02T23:00,25.9,66,0.0,5.2,Secunderabad
2026-10-03T00:00,25.6,67,0.0,5.0,Secunderabad
2026-10-03T01:00,25.3,68,0.0,5.7,Secunderabad
2026-10-03T02:00,24.9,70,0.0,5.6,Secunderabad
2026-10-03T03:00,24.6,71,0.0,4.8,Secunderabad
2026-10-03T04:00,24.1,74,0.0,4.6,Secunderabad
2026-10-03T05:00,23.8,77,0.0,1.5,Secunderabad
2026-10-03T06:00,23.9,76,0.0,0.6,Secunderabad
2026-10-03T07:00,25.5,70,0.0,1.0,Secunderabad
2026-10-03T08:00,27.7,60,0.0,2.7,Secunderabad
2026-10-03T09:00,29.5,50,0.0,4.1,Secunderabad
2026-10-03T10:00,30.8,44,0.0,5.2,Secunderabad
2026-10-03T11:00,31.8,41,0.0,6.6,Secunderabad
2026-10-03T12:00,32.7,38,0.0,7.3,Secunderabad
2026-10-03T13:00,32.9,36,0.0,9.0,Secunderabad
2026-10-03T14:00,32.8,37,0.0,10.7,Secunderabad
2026-10-03T15:00,32.2,38,0.0,10.6,Secunderabad
2026-10-03T16:00,31.7,40,0.0,10.2,Secunderabad
2026-10-03T17:00,30.8,44,0.0,11.7,Secunderabad
2026-10-03T18:00,29.8,47,0.0,10.9,Secunderabad
2026-10-03T19:00,29.2,49,0.0,7.1,Secunderabad
2026-10-03T20:00,28.2,55,0.0,7.4,Secunderabad
2026-10-03T21:00,27.7,60,0.0,7.2,Secunderabad
2026-10-03T22:00,27.0,64,0.0,5.8,Secunderabad
2026-10-03T23:00,26.5,67,0.0,5.4,Secunderabad
2026-10-04T00:00,25.9,70,0.0,5.8,Secunderabad
2026-10-04T01:00,25.3,74,0.0,6.4,Secunderabad
2026-10-04T02:00,24.6,79,0.0,5.3,Secunderabad
2026-10-04T03:00,24.2,82,0.0,4.7,Secunderabad
2026-10-04T04:00,23.8,85,0.0,4.4,Secunderabad
2026-10-04T05:00,23.4,87,0.0,4.5,Secunderabad
2026-10-04T06:00,23.2,89,0.0,4.9,Secunderabad
2026-10-04T07:00,24.5,83,0.0,2.6,Secunderabad
2026-10-04T08:00,26.8,71,0.0,3.3,Secunderabad
2026-10-04T09:00,29.2,55,0.0,3.5,Secunderabad
2026-10-04T10:00,30.8,44,0.0,4.8,Secunderabad
2026-10-04T11:00,32.0,38,0.0,6.2,Secunderabad
2026-10-04T12:00,32.9,34,0.0,7.6,Secunderabad
2026-10-04T13:00,33.2,32,0.0,9.9,Secunderabad
2026-10-04T14:00,33.0,31,0.0,11.6,Secunderabad
2026-10-04T15:00,32.6,33,0.0,10.8,Secunderabad
2026-10-04T16:00,31.7,37,0.0,12.8,Secunderabad
2026-10-04T17:00,30.6,41,0.0,13.6,Secunderabad
2026-10-04T18:00,29.5,44,0.0,10.4,Secunderabad
2026-10-04T19:00,28.9,48,0.0,8.2,Secunderabad
2026-10-04T20:00,28.0,53,0.0,7.2,Secunderabad
2026-10-04T21:00,27.2,57,0.0,4.9,Secunderabad
2026-10-04T22:00,26.6,60,0.0,3.5,Secunderabad
2026-10-04T23:00,26.1,63,0.0,4.4,Secunderabad
2026-10-05T00:00,25.6,66,0.0,4.5,Secunderabad
2026-10-05T01:00,25.2,70,0.0,4.8,Secunderabad
2026-10-05T02:00,24.8,73,0.0,5.1,Secunderabad
2026-10-05T03:00,24.2,78,0.0,5.1,Secunderabad
2026-10-05T04:00,23.7,83,0.0,5.1,Secunderabad
2026-10-05T05:00,23.7,85,0.0,5.1,Secunderabad
2026-10-05T06:00,24.4,83,0.0,5.3,Secunderabad
2026-10-05T07:00,25.6,79,0.0,5.7,Secunderabad
2026-10-05T08:00,27.0,71,0.0,5.8,Secunderabad
2026-10-05T09:00,28.6,59,0.0,5.3,Secunderabad
2026-10-05T10:00,30.4,47,0.0,5.2,Secunderabad
2026-10-05T11:00,31.8,39,0.0,5.5,Secunderabad
2026-10-05T12:00,32.5,36,0.0,6.3,Secunderabad
2026-10-05T13:00,32.8,34,0.0,8.7,Secunderabad
2026-10-05T14:00,32.8,34,0.0,10.7,Secunderabad
2026-10-05T15:00,32.2,35,0.0,11.1,Secunderabad
2026-10-05T16:00,31.2,38,0.0,10.9,Secunderabad
2026-10-05T17:00,30.2,41,0.0,10.3,Secunderabad
2026-10-05T18:00,29.4,44,0.0,9.2,Secunderabad
2026-10-05T19:00,28.7,47,0.0,7.8,Secunderabad
2026-10-05T20:00,27.9,51,0.0,6.5,Secunderabad
2026-10-05T21:00,27.1,54,0.0,5.6,Secunderabad
2026-10-05T22:00,26.3,57,0.0,4.9,Secunderabad
2026-10-05T23:00,25.7,60,0.0,4.3,Secunderabad
2026-10-06T00:00,25.2,62,0.0,3.3,Secunderabad
2026-10-06T01:00,24.9,64,0.0,2.3,Secunderabad
2026-10-06T02:00,24.6,65,0.0,1.5,Secunderabad
2026-10-06T03:00,24.2,67,0.0,0.7,Secunderabad
2026-10-06T04:00,23.7,70,0.0,1.2,Secunderabad
2026-10-06T05:00,23.8,69,0.0,1.5,Secunderabad
2026-10-06T06:00,24.6,65,0.0,0.6,Secunderabad
2026-10-06T07:00,25.9,59,0.0,1.4,Secunderabad
2026-10-06T08:00,27.3,53,0.0,2.8,Secunderabad
2026-10-06T09:00,28.8,46,0.0,4.1,Secunderabad
2026-10-06T10:00,30.3,40,0.0,5.5,Secunderabad
2026-10-06T11:00,31.5,36,0.0,6.9,Secunderabad
2026-10-06T12:00,32.3,33,0.0,7.8,Secunderabad
2026-10-06T13:00,32.7,32,0.0,8.7,Secunderabad
2026-10-06T14:00,32.8,31,0.0,9.5,Secunderabad
2026-10-06T15:00,32.3,31,0.0,10.8,Secunderabad
2026-10-06T16:00,31.4,33,0.0,12.2,Secunderabad
2026-10-06T17:00,30.4,35,0.0,12.6,Secunderabad
2026-10-06T18:00,29.3,39,0.0,11.1,Secunderabad
2026-10-06T19:00,28.1,43,0.0,8.8,Secunderabad
2026-10-06T20:00,27.0,48,0.0,7.2,Secunderabad
2026-10-06T21:00,26.2,52,0.0,6.9,Secunderabad
2026-10-06T22:00,25.5,57,0.0,7.1,Secunderabad
2026-10-06T23:00,24.9,61,0.0,7.1,Secunderabad
2026-10-07T00:00,24.4,63,0.0,6.0,Secunderabad
2026-10-07T01:00,24.1,65,0.0,5.0,Secunderabad
2026-10-07T02:00,23.8,66,0.0,4.1,Secunderabad
2026-10-07T03:00,22.6,71,0.0,4.8,Secunderabad
2026-10-07T04:00,22.5,71,0.0,4.7,Secunderabad
2026-10-07T05:00,22.8,69,0.0,5.0,Secunderabad
2026-10-07T06:00,23.8,64,0.0,5.4,Secunderabad
2026-10-07T07:00,25.3,57,0.0,6.1,Secunderabad
2026-10-07T08:00,27.2,50,0.0,6.7,Secunderabad
2026-10-07T09:00,29.0,44,0.0,7.4,Secunderabad
2026-10-07T10:00,30.6,39,0.0,7.9,Secunderabad
2026-10-07T11:00,31.7,37,0.0,8.3,Secunderabad
2026-10-07T12:00,32.1,35,0.0,8.5,Secunderabad
2026-10-07T13:00,32.2,35,0.0,8.8,Secunderabad
2026-10-07T14:00,32.1,35,0.0,9.2,Secunderabad
2026-10-07T15:00,31.7,36,0.0,9.5,Secunderabad
2026-10-07T16:00,31.2,37,0.0,9.7,Secunderabad
2026-10-07T17:00,30.7,38,0.0,9.8,Secunderabad
2026-10-07T18:00,30.1,41,0.0,9.7,Secunderabad
2026-10-07T19:00,29.2,44,0.0,9.4,Secunderabad
2026-10-07T20:00,28.2,48,0.0,9.0,Secunderabad
2026-10-07T21:00,27.2,52,0.0,8.3,Secunderabad
2026-10-07T22:00,26.2,57,0.0,7.7,Secunderabad
2026-10-07T23:00,25.4,61,0.0,6.8,Secunderabad
2026-10-01T00:00,25.0,68,0.0,4.1,Gachibowli
2026-10-01T01:00,24.4,72,0.0,3.5,Gachibowli
2026-10-01T02:00,24.1,75,0.0,2.9,Gachibowli
2026-10-01T03:00,23.8,77,0.0,0.9,Gachibowli
2026-10-01T04:00,23.3,79,0.0,0.6,Gachibowli
2026-10-01T05:00,23.3,80,0.0,1.0,Gachibowli
2026-10-01T06:00,23.1,83,0.0,1.8,Gachibowli
2026-10-01T07:00,25.2,73,0.0,1.5,Gachibowli
2026-10-01T08:00,27.5,63,0.0,3.7,Gachibowli
2026-10-01T09:00,29.3,54,0.0,6.7,Gachibowli
2026-10-01T10:00,30.8,45,0.0,8.4,Gachibowli
2026-10-01T11:00,31.9,40,0.0,10.4,Gachibowli
2026-10-01T12:00,32.5,38,0.0,11.3,Gachibowli
2026-10-01T13:00,32.8,38,0.0,12.3,Gachibowli
2026-10-01T14:00,32.4,39,0.1,13.2,Gachibowli
2026-10-01T15:00,31.9,41,0.0,13.4,Gachibowli
2026-10-01T16:00,30.9,45,0.0,13.1,Gachibowli
2026-10-01T17:00,29.7,49,0.0,12.1,Gachibowli
2026-10-01T18:00,28.4,56,0.0,9.9,Gachibowli
2026-10-01T19:00,27.8,60,0.0,8.9,Gachibowli
2026-10-01T20:00,27.3,62,0.0,8.7,Gachibowli
2026-10-01T21:00,26.9,64,0.0,8.0,Gachibowli
2026-10-01T22:00,26.3,67,0.0,5.9,Gachibowli
2026-10-01T23:00,25.7,69,0.0,5.0,Gachibowli
2026-10-02T00:00,25.2,73,0.0,4.2,Gachibowli
2026-10-02T01:00,24.7,75,0.0,4.0,Gachibowli
2026-10-02T02:00,24.2,77,0.0,5.0,Gachibowli
2026-10-02T03:00,23.8,77,0.0,5.5,Gachibowli
2026-10-02T04:00,23.5,78,0.0,5.0,Gachibowli
2026-10-02T05:00,23.2,79,0.0,4.6,Gachibowli
2026-10-02T06:00,23.3,78,0.0,4.8,Gachibowli
2026-10-02T07:00,25.5,68,0.0,4.9,Gachibowli
2026-10-02T08:00,27.8,57,0.0,6.2,Gachibowli
2026-10-02T09:00,29.6,50,0.0,8.8,Gachibowli
2026-10-02T10:00,30.9,45,0.0,9.5,Gachibowli
2026-10-02T11:00,31.9,41,0.0,10.8,Gachibowli
2026-10-02T12:00,32.5,38,0.0,11.4,Gachibowli
2026-10-02T13:00,32.7,37,0.0,12.8,Gachibowli
2026-10-02T14:00,32.4,37,0.0,12.5,Gachibowli
2026-10-02T15:00,32.2,38,0.0,12.6,Gachibowli
2026-10-02T16:00,31.3,41,0.0,13.1,Gachibowli
2026-10-02T17:00,30.0,45,0.0,13.6,Gachibowli
2026-10-02T18:00,28.6,53,0.0,11.1,Gachibowli
2026-10-02T19:00,27.8,57,0.0,8.7,Gachibowli
2026-10-02T20:00,27.0,62,0.0,8.1,Gachibowli
2026-10-02T21:00,26.4,64,0.0,8.1,Gachibowli
2026-10-02T22:00,25.9,66,0.0,7.4,Gachibowli
2026-10-02T23:00,25.5,67,0.0,7.0,Gachibowli
2026-10-03T00:00,25.2,68,0.0,6.0,Gachibowli
2026-10-03T01:00,24.8,70,0.0,4.7,Gachibowli
2026-10-03T02:00,24.4,72,0.0,4.1,Gachibowli
2026-10-03T03:00,24.1,74,0.0,3.9,Gachibowli
2026-10-03T04:00,23.8,75,0.0,4.0,Gachibowli
2026-10-03T05:00,23.5,77,0.0,3.8,Gachibowli
2026-10-03T06:00,23.5,79,0.0,1.8,Gachibowli
2026-10-03T07:00,25.3,71,0.0,1.8,Gachibowli
2026-10-03T08:00,27.5,61,0.0,2.3,Gachibowli
2026-10-03T09:00,29.5,49,0.0,2.9,Gachibowli
2026-10-03T10:00,31.0,42,0.0,4.4,Gachibowli
2026-10-03T11:00,32.0,39,0.0,5.8,Gachibowli
2026-10-03T12:00,32.9,36,0.0,7.4,Gachibowli
2026-10-03T13:00,33.1,36,0.0,9.9,Gachibowli
2026-10-03T14:00,32.7,37,0.0,12.4,Gachibowli
2026-10-03T15:00,31.8,40,0.0,13.3,Gachibowli
2026-10-03T16:00,31.1,42,0.0,12.5,Gachibowli
2026-10-03T17:00,30.2,45,0.0,12.6,Gachibowli
2026-10-03T18:00,29.1,50,0.0,10.4,Gachibowli
2026-10-03T19:00,28.3,56,0.0,7.5,Gachibowli
2026-10-03T20:00,27.5,60,0.0,5.6,Gachibowli
2026-10-03T21:00,27.0,63,0.0,5.4,Gachibowli
2026-10-03T22:00,26.4,65,0.0,6.0,Gachibowli
2026-10-03T23:00,26.3,66,0.0,6.0,Gachibowli
2026-10-04T00:00,25.9,68,0.0,5.1,Gachibowli
2026-10-04T01:00,25.4,71,0.0,6.1,Gachibowli
2026-10-04T02:00,24.8,75,0.0,6.6,Gachibowli
2026-10-04T03:00,24.2,80,0.0,5.8,Gachibowli
2026-10-04T04:00,23.7,83,0.0,4.8,Gachibowli
2026-10-04T05:00,23.4,86,0.0,5.0,Gachibowli
2026-10-04T06:00,23.3,88,0.0,5.7,Gachibowli
2026-10-04T07:00,24.8,81,0.0,4.1,Gachibowli
2026-10-04T08:00,27.1,68,0.0,4.5,Gachibowli
2026-10-04T09:00,29.5,51,0.0,2.8,Gachibowli
2026-10-04T10:00,31.1,42,0.0,3.7,Gachibowli
2026-10-04T11:00,32.3,36,0.0,5.7,Gachibowli
2026-10-04T12:00,33.2,34,0.0,8.3,Gachibowli
2026-10-04T13:00,33.3,32,0.0,12.0,Gachibowli
2026-10-04T14:00,32.6,33,0.0,13.5,Gachibowli
2026-10-04T15:00,32.0,35,0.0,12.8,Gachibowli
2026-10-04T16:00,31.2,38,0.0,13.9,Gachibowli
2026-10-04T17:00,30.4,41,0.0,11.3,Gachibowli
2026-10-04T18:00,29.1,48,0.0,9.4,Gachibowli
2026-10-04T19:00,28.3,52,0.0,7.2,Gachibowli
2026-10-04T20:00,27.4,56,0.0,6.8,Gachibowli
2026-10-04T21:00,26.6,60,0.0,6.4,Gachibowli
2026-10-04T22:00,26.3,61,0.0,4.9,Gachibowli
2026-10-04T23:00,26.1,61,0.0,5.3,Gachibowli
2026-10-05T00:00,25.7,64,0.0,6.0,Gachibowli
2026-10-05T01:00,25.3,67,0.0,6.4,Gachibowli
2026-10-05T02:00,24.9,71,0.0,6.9,Gachibowli
2026-10-05T03:00,24.4,76,0.0,7.1,Gachibowli
2026-10-05T04:00,23.8,82,0.0,7.0,Gachibowli
2026-10-05T05:00,23.8,84,0.0,6.9,Gachibowli
2026-10-05T06:00,24.6,81,0.0,7.5,Gachibowli
2026-10-05T07:00,26.0,75,0.0,7.8,Gachibowli
2026-10-05T08:00,27.4,67,0.0,7.4,Gachibowli
2026-10-05T09:00,29.1,56,0.0,5.2,Gachibowli
2026-10-05T10:00,30.9,45,0.0,2.5,Gachibowli
2026-10-05T11:00,32.3,38,0.0,2.8,Gachibowli
2026-10-05T12:00,32.8,35,0.0,6.2,Gachibowli
2026-10-05T13:00,32.9,34,0.0,10.1,Gachibowli
2026-10-05T14:00,32.7,34,0.0,12.6,Gachibowli
2026-10-05T15:00,32.0,36,0.0,12.6,Gachibowli
2026-10-05T16:00,31.0,38,0.0,11.3,Gachibowli
2026-10-05T17:00,30.1,41,0.0,9.7,Gachibowli
2026-10-05T18:00,29.2,45,0.0,8.3,Gachibowli
2026-10-05T19:00,28.3,49,0.0,7.0,Gachibowli
2026-10-05T20:00,27.5,52,0.0,6.3,Gachibowli
2026-10-05T21:00,26.9,54,0.0,6.4,Gachibowli
2026-10-05T22:00,26.3,56,0.0,6.7,Gachibowli
2026-10-05T23:00,25.7,58,0.0,6.3,Gachibowli
2026-10-06T00:00,25.1,61,0.0,4.3,Gachibowli
2026-10-06T01:00,24.6,64,0.0,2.8,Gachibowli
2026-10-06T02:00,23.9,68,0.0,3.6,Gachibowli
2026-10-06T03:00,22.9,75,0.0,4.0,Gachibowli
2026-10-06T04:00,21.7,83,0.0,3.8,Gachibowli
2026-10-06T05:00,21.5,85,0.0,3.3,Gachibowli
2026-10-06T06:00,22.7,79,0.0,2.6,Gachibowli
2026-10-06T07:00,24.8,69,0.0,1.4,Gachibowli
2026-10-06T08:00,26.8,59,0.0,0.8,Gachibowli
2026-10-06T09:00,28.7,49,0.0,2.4,Gachibowli
2026-10-06T10:00,30.5,40,0.0,4.4,Gachibowli
2026-10-06T11:00,31.9,34,0.0,6.3,Gachibowli
2026-10-06T12:00,32.7,31,0.0,8.4,Gachibowli
2026-10-06T13:00,33.0,30,0.0,10.4,Gachibowli
2026-10-06T14:00,32.9,30,0.0,12.1,Gachibowli
2026-10-06T15:00,32.3,31,0.0,13.5,Gachibowli
2026-10-06T16:00,31.2,33,0.0,14.3,Gachibowli
2026-10-06T17:00,30.0,37,0.0,14.2,Gachibowli
2026-10-06T18:00,28.9,40,0.0,12.6,Gachibowli
2026-10-06T19:00,27.8,44,0.0,10.1,Gachibowli
2026-10-06T20:00,26.8,49,0.0,8.3,Gachibowli
2026-10-06T21:00,26.0,52,0.0,7.7,Gachibowli
2026-10-06T22:00,25.4,55,0.0,7.5,Gachibowli
2026-10-06T23:00,24.8,58,0.0,7.1,Gachibowli
2026-10-07T00:00,24.3,61,0.0,6.2,Gachibowli
2026-10-07T01:00,23.9,64,0.0,5.2,Gachibowli
2026-10-07T02:00,23.5,67,0.0,4.7,Gachibowli
2026-10-07T03:00,22.3,72,0.0,5.2,Gachibowli
2026-10-07T04:00,22.2,72,0.0,5.0,Gachibowli
2026-10-07T05:00,22.5,70,0.0,4.9,Gachibowli
2026-10-07T06:00,23.6,65,0.0,4.9,Gachibowli
2026-10-07T07:00,25.3,57,0.0,5.1,Gachibowli
2026-10-07T08:00,27.3,49,0.0,5.4,Gachibowli
2026-10-07T09:00,29.3,42,0.0,5.8,Gachibowli
2026-10-07T10:00,31.1,36,0.0,6.0,Gachibowli
2026-10-07T11:00,32.2,34,0.0,6.3,Gachibowli
2026-10-07T12:00,32.6,32,0.0,6.9,Gachibowli
2026-10-07T13:00,32.7,32,0.0,7.8,Gachibowli
2026-10-07T14:00,32.4,33,0.0,9.3,Gachibowli
2026-10-07T15:00,31.9,34,0.0,11.1,Gachibowli
2026-10-07T16:00,31.4,36,0.0,12.6,Gachibowli
2026-10-07T17:00,30.8,38,0.0,13.2,Gachibowli
2026-10-07T18:00,30.1,40,0.0,13.2,Gachibowli
2026-10-07T19:00,29.2,43,0.0,12.5,Gachibowli
2026-10-07T20:00,28.2,47,0.0,11.5,Gachibowli
2026-10-07T21:00,27.2,51,0.0,10.3,Gachibowli
2026-10-07T22:00,26.3,55,0.0,9.3,Gachibowli
2026-10-07T23:00,25.5,60,0.0,8.3,Gachibowli
