time,temperature_2m,relative_humidity_2m,precipitation,wind_speed_10m
2026-10-01 00:00:00,26.9,60,0.0,4.4
2026-10-01 01:00:00,26.3,64,0.0,3.3
2026-10-01 02:00:00,25.9,67,0.0,2.0
2026-10-01 03:00:00,25.5,70,0.0,0.4
2026-10-01 04:00:00,24.9,72,0.0,0.9
2026-10-01 05:00:00,24.4,76,0.0,1.3
2026-10-01 06:00:00,24.2,78,0.0,1.8
2026-10-01 07:00:00,26.0,68,0.0,0.6
2026-10-01 08:00:00,28.1,57,0.0,3.4
2026-10-01 09:00:00,30.1,47,0.0,6.0
2026-10-01 10:00:00,31.7,39,0.0,7.8
2026-10-01 11:00:00,32.8,35,0.0,8.9
2026-10-01 12:00:00,33.6,33,0.0,9.2
2026-10-01 13:00:00,33.9,32,0.0,10.4
2026-10-01 14:00:00,33.9,32,0.0,11.4
2026-10-01 15:00:00,33.2,34,0.0,12.0
2026-10-01 16:00:00,32.4,38,0.0,12.2
2026-10-01 17:00:00,31.2,42,0.0,12.7
2026-10-01 18:00:00,30.3,46,0.0,11.1
2026-10-01 19:00:00,29.7,49,0.0,9.8
2026-10-01 20:00:00,29.1,52,0.0,8.9
2026-10-01 21:00:00,28.4,56,0.0,6.8
2026-10-01 22:00:00,27.8,59,0.0,5.6
2026-10-01 23:00:00,27.3,62,0.0,4.3
2026-10-02 00:00:00,26.8,65,0.0,3.8
2026-10-02 01:00:00,26.4,67,0.0,3.7
2026-10-02 02:00:00,26.0,68,0.0,4.5
2026-10-02 03:00:00,25.7,69,0.0,5.3
2026-10-02 04:00:00,25.5,69,0.0,5.5
2026-10-02 05:00:00,25.1,70,0.0,5.0
2026-10-02 06:00:00,24.9,71,0.0,4.6
2026-10-02 07:00:00,25.9,66,0.0,3.6
2026-10-02 08:00:00,27.8,59,0.0,4.8
2026-10-02 09:00:00,29.5,51,0.0,6.7
2026-10-02 10:00:00,31.0,45,0.0,7.5
2026-10-02 11:00:00,31.9,41,0.1,7.9
2026-10-02 12:00:00,32.7,37,0.1,8.7
2026-10-02 13:00:00,32.9,36,0.0,9.3
2026-10-02 14:00:00,32.9,35,0.1,10.1
2026-10-02 15:00:00,32.5,37,0.1,10.2
2026-10-02 16:00:00,31.8,39,0.0,10.1
2026-10-02 17:00:00,30.9,43,0.0,10.5
2026-10-02 18:00:00,30.3,46,0.0,10.2
2026-10-02 19:00:00,29.6,49,0.0,9.6
2026-10-02 20:00:00,28.9,52,0.0,8.0
2026-10-02 21:00:00,28.1,56,0.0,6.9
2026-10-02 22:00:00,27.4,59,0.0,5.8
2026-10-02 23:00:00,26.9,62,0.0,5.5
2026-10-03 00:00:00,26.5,64,0.0,6.0
2026-10-03 01:00:00,26.0,66,0.0,5.6
2026-10-03 02:00:00,25.6,68,0.0,4.6
2026-10-03 03:00:00,25.3,69,0.0,4.0
2026-10-03 04:00:00,25.0,69,0.0,5.2
2026-10-03 05:00:00,24.4,73,0.0,3.6
2026-10-03 06:00:00,24.2,75,0.0,2.5
2026-10-03 07:00:00,25.5,69,0.0,1.2
2026-10-03 08:00:00,27.6,61,0.0,2.4
2026-10-03 09:00:00,29.4,50,0.0,3.4
2026-10-03 10:00:00,31.0,41,0.0,4.0
2026-10-03 11:00:00,32.2,36,0.0,3.8
2026-10-03 12:00:00,33.3,33,0.0,3.3
2026-10-03 13:00:00,34.0,30,0.0,3.2
2026-10-03 14:00:00,34.5,28,0.0,4.2
2026-10-03 15:00:00,34.5,26,0.0,8.1
2026-10-03 16:00:00,32.8,33,0.0,10.1
2026-10-03 17:00:00,31.6,37,0.0,9.6
2026-10-03 18:00:00,30.8,41,0.0,8.6
2026-10-03 19:00:00,30.2,41,0.0,6.8
2026-10-03 20:00:00,29.5,43,0.0,6.1
2026-10-03 21:00:00,28.5,53,0.0,6.6
2026-10-03 22:00:00,27.8,59,0.0,5.4
2026-10-03 23:00:00,27.2,62,0.0,4.4
2026-10-04 00:00:00,26.6,65,0.0,4.9
2026-10-04 01:00:00,26.0,68,0.0,4.7
2026-10-04 02:00:00,25.3,72,0.0,4.8
2026-10-04 03:00:00,24.8,76,0.0,4.6
2026-10-04 04:00:00,24.3,79,0.0,4.1
2026-10-04 05:00:00,23.9,82,0.0,3.5
2026-10-04 06:00:00,23.7,84,0.0,3.3
2026-10-04 07:00:00,24.7,80,0.0,3.3
2026-10-04 08:00:00,26.8,68,0.0,3.9
2026-10-04 09:00:00,29.1,53,0.0,4.3
2026-10-04 10:00:00,30.9,42,0.0,4.9
2026-10-04 11:00:00,32.1,36,0.0,4.9
2026-10-04 12:00:00,33.4,31,0.0,4.4
2026-10-04 13:00:00,34.2,28,0.0,6.7
2026-10-04 14:00:00,34.5,26,0.0,9.5
2026-10-04 15:00:00,33.6,28,0.0,10.9
2026-10-04 16:00:00,32.9,31,0.0,11.2
2026-10-04 17:00:00,31.6,35,0.0,12.8
2026-10-04 18:00:00,30.9,37,0.0,10.6
2026-10-04 19:00:00,30.3,39,0.0,7.3
2026-10-04 20:00:00,29.7,41,0.0,5.4
2026-10-04 21:00:00,29.0,44,0.0,5.2
2026-10-04 22:00:00,28.2,48,0.0,5.5
2026-10-04 23:00:00,27.4,53,0.0,6.0
2026-10-05 00:00:00,26.6,58,0.0,6.3
2026-10-05 01:00:00,25.8,64,0.0,6.3
2026-10-05 02:00:00,25.2,69,0.0,6.4
2026-10-05 03:00:00,24.6,74,0.0,6.1
2026-10-05 04:00:00,24.1,79,0.0,5.5
2026-10-05 05:00:00,24.0,81,0.0,5.2
2026-10-05 06:00:00,24.6,80,0.0,5.4
2026-10-05 07:00:00,25.7,76,0.0,5.7
2026-10-05 08:00:00,27.0,69,0.0,5.8
2026-10-05 09:00:00,28.8,56,0.0,5.5
2026-10-05 10:00:00,30.8,43,0.0,4.9
2026-10-05 11:00:00,32.4,35,0.0,4.2
2026-10-05 12:00:00,33.3,31,0.0,4.4
2026-10-05 13:00:00,33.8,30,0.0,7.2
2026-10-05 14:00:00,33.8,29,0.0,9.8
2026-10-05 15:00:00,33.2,31,0.0,11.0
2026-10-05 16:00:00,32.1,34,0.0,11.4
2026-10-05 17:00:00,31.1,37,0.0,11.4
2026-10-05 18:00:00,30.5,39,0.0,10.1
2026-10-05 19:00:00,29.9,40,0.0,8.2
2026-10-05 20:00:00,29.3,42,0.0,6.7
2026-10-05 21:00:00,28.5,46,0.0,5.5
2026-10-05 22:00:00,27.6,49,0.0,4.6
2026-10-05 23:00:00,26.8,53,0.0,4.3
2026-10-06 00:00:00,26.1,57,0.0,4.0
2026-10-06 01:00:00,25.5,60,0.0,3.6
2026-10-06 02:00:00,25.0,63,0.0,3.5
2026-10-06 03:00:00,24.5,66,0.0,3.4
2026-10-06 04:00:00,24.0,69,0.0,3.5
2026-10-06 05:00:00,24.0,69,0.0,3.5
2026-10-06 06:00:00,24.7,64,0.0,3.1
2026-10-06 07:00:00,25.8,58,0.0,2.6
2026-10-06 08:00:00,27.1,51,0.0,2.2
2026-10-06 09:00:00,28.7,44,0.0,2.1
2026-10-06 10:00:00,30.6,36,0.0,2.7
2026-10-06 11:00:00,32.0,31,0.0,3.8
2026-10-06 12:00:00,33.0,29,0.0,5.4
2026-10-06 13:00:00,33.5,27,0.0,7.2
2026-10-06 14:00:00,33.6,27,0.0,9.0
2026-10-06 15:00:00,33.1,29,0.0,10.2
2026-10-06 16:00:00,32.2,32,0.0,10.8
2026-10-06 17:00:00,31.2,36,0.0,10.9
2026-10-06 18:00:00,30.4,40,0.0,10.2
2026-10-06 19:00:00,29.5,43,0.0,8.8
2026-10-06 20:00:00,28.6,46,0.0,7.5
2026-10-06 21:00:00,27.8,49,0.0,6.5
2026-10-06 22:00:00,26.9,52,0.0,5.5
2026-10-06 23:00:00,26.4,54,0.0,5.1
2026-10-07 00:00:00,25.9,58,0.0,5.1
2026-10-07 01:00:00,25.1,62,0.0,4.9
2026-10-07 02:00:00,24.4,65,0.0,4.9
2026-10-07 03:00:00,23.9,68,0.0,4.8
2026-10-07 04:00:00,23.7,69,0.0,4.8
2026-10-07 05:00:00,23.8,68,0.0,4.9
2026-10-07 06:00:00,24.6,64,0.0,5.0
2026-10-07 07:00:00,25.9,59,0.0,5.4
2026-10-07 08:00:00,27.6,53,0.0,6.1
2026-10-07 09:00:00,29.2,47,0.0,6.6
2026-10-07 10:00:00,30.6,43,0.0,7.3
2026-10-07 11:00:00,31.6,40,0.0,7.6
2026-10-07 12:00:00,32.0,38,0.0,7.8
2026-10-07 13:00:00,32.2,38,0.0,8.0
2026-10-07 14:00:00,32.1,37,0.0,8.3
2026-10-07 15:00:00,31.9,37,0.0,8.7
2026-10-07 16:00:00,31.5,38,0.0,9.1
2026-10-07 17:00:00,31.1,39,0.0,9.3
2026-10-07 18:00:00,30.6,41,0.0,9.3
2026-10-07 19:00:00,30.0,43,0.0,8.8
2026-10-07 20:00:00,29.2,47,0.0,8.5
2026-10-07 21:00:00,28.4,50,0.0,8.0
2026-10-07 22:00:00,27.6,54,0.0,7.4
2026-10-07 23:00:00,26.9,58,0.0,7.0
